{"cameraMode":{"drawMode":0,"name":"Shaded","section":"Shading Mode"},"sceneLighting":true,"audioPlay":false,"sceneViewState":{"showFog":true,"showMaterialUpdate":false,"showSkybox":false,"showFlares":true,"showImageEffects":true,"showParticleSystems":true},"in2DMode":false,"pivot":{"x":610.334228515625,"y":307.0042724609375,"z":145.6224365234375},"rotation":{"x":-0.043787505477666858,"y":0.029977036640048028,"z":-0.0013123927637934685,"w":-0.9985901713371277},"size":1117.3551025390625,"orthographic":false}